[
    { 
        "Titulo": "Alien El Octavo Pasajero",
        "Director": "Ridley Scott",
        "Clasificacion": "Ciencia Ficción, Terror",
        "Anio": "1979",
        "Actores": "Sigourney Weaver, Tom Skerritt, Veronica Cartwright...",
        "Sinopsis": "La tripulación del remolcador espacial Nostromo atiende una señal de socorro y, sin saberlo, sube a bordo una letal forma de vida extraterrestre.",
        "Imagen": "../img/AlienOctavoPasajero.jpg"
    },
    { 
        "Titulo": "Star Wars The Clone Wars",
        "Director": "George Lucas",
        "Clasificacion": "Ciencia Ficción, Aventuras",
        "Anio": "2008",
        "Actores": "Matt Lanter, Ashley Eckstein, James Arnold Taylor...",
        "Sinopsis": "La primera serie semanal de televisión de Lucasfilm Animation, hace una crónica de las aventuras de Anakin Skywalker, Yoda, Obi-Wan Kenobi y otros personajes populares del universo de Star Wars durante la violencia del Clone Wars mientras el grupo minoritario de caballeros Jedi lucha para restaurar la paz.",
        "Imagen": "../img/StarWarsCloneWars.jpg"
    },
    { 
        "Titulo": "El Corredor del Laberinto",
        "Director": "Wes Ball",
        "Clasificacion": "Misterio, Ciencia Ficción, Thriller, Drama",
        "Anio": "2014",
        "Actores": "Dylan O'Brien, Kaya Scodelario, Will Poulter...",
        "Sinopsis": "Thomas es un adolescente cuya memoria fue borrada y que ha sido encerrado junto a otros chicos de su edad en un laberinto plagado de monstruos y misterios. Para sobrevivir, tendrá que adaptarse a las normas y a los demás habitantes del laberinto.",
        "Imagen": "../img/CorredorLaberinto.jpg"
    },
    { 
        "Titulo": "The Good Doctor",
        "Director": "David Shore",
        "Clasificacion": "Drama Médico",
        "Anio": "2017",
        "Actores": "Freddie Highmore, Antonia Thoams, Paige Spara...",
        "Sinopsis": "Un cirujano joven y autista que padece el síndrome del sabio empieza a trabajar en un hospital prestigioso. Allá tendrá que vencer el escepticismo con el que sus colegas lo reciben.",
        "Imagen": "../img/GoodDoctor.jpg"
    },
    { 
        "Titulo": "60 Segundos",
        "Director": "Dominic Senna",
        "Clasificacion": "Acción",
        "Anio": "2000",
        "Actores": "Nicolas Cage, Angelina Jolie, Will Patton...",
        "Sinopsis": "Randall (Memphis) Raines, un exladrón de coches, se ve obligado a reunir a su antigua banda y robar 50 coches en una sola noche para salvar la vida de su hermano.",
        "Imagen": "../img/SesentaSegundos.jpg"
    },
    { 
        "Titulo": "Juego de Tronos",
        "Director": "Mark Mylod, Alex Graves, David Nutter",
        "Clasificacion": "Drama, Ciencia Ficción",
        "Anio": "2011",
        "Actores": "Emilia Clarke, Sophhie Turner, Jason Momoa...",
        "Sinopsis": "El libro mejor vendido de la serie A Song of Ice and Fire escrito por George R.R, es llevado a la pantalla chica cuando HBO decide recrear esta historia épica de fantasía. Es la descripción de dos familias poderosas, reyes y reinas, caballeros y renegados, hombres falsos y honestos, haciendo parte de un juego mortal por el control de los Siete Reinados de Westeros y por sentarse en el trono más alto. Martin es el co productor ejecutivo y uno de los escritores de la serie que fue filmada en el Norte de Irlanda y Malta.",
        "Imagen": "../img/JuegodeTronos.png"
    }
]